timestamp,frame_id,unit,expected_fuel_flow,expected_diluent_flow,trained_regime,predicted_fuel_flow,predicted_diluent_flow,regime,regime_confidence
2026-10-01T17:23:59.505,1,g/h,1110.000000,1000.000000,1,,999.605867,,
2026-10-01T17:24:01.657,2,g/h,1110.000000,1000.000000,1,,999.327877,,
2026-10-01T17:24:03.961,3,g/h,1110.000000,1000.000000,1,,1000.000145,,
2026-10-01T17:28:29.573,122,g/h,1330.000000,1000.000000,1,,804.676172,,
2026-10-01T17:28:31.782,123,g/h,1330.000000,1000.000000,1,,802.034304,,
2026-10-01T17:28:33.873,124,g/h,1330.000000,1000.000000,1,,807.742299,,
2026-10-01T17:32:56.003,249,g/h,1550.000000,1000.000000,1,,810.932117,,
2026-10-01T17:32:58.028,250,g/h,1550.000000,1000.000000,1,,809.252662,,
2026-10-01T17:33:00.100,251,g/h,1550.000000,1000.000000,1,,808.239848,,
2026-10-01T17:37:14.313,374,g/h,1110.000000,800.000000,1,,801.200471,,
2026-10-01T17:37:16.451,375,g/h,1110.000000,800.000000,1,,809.074241,,
2026-10-01T17:37:18.544,376,g/h,1110.000000,800.000000,1,,803.007034,,
2026-10-01T17:41:25.957,494,g/h,1330.000000,800.000000,1,,802.084074,,
2026-10-01T17:41:28.048,495,g/h,1330.000000,800.000000,1,,800.760565,,
2026-10-01T17:41:30.043,496,g/h,1330.000000,800.000000,1,,801.163016,,
2026-10-01T17:45:57.061,615,g/h,1550.000000,800.000000,1,,801.832650,,
2026-10-01T17:45:59.607,616,g/h,1550.000000,800.000000,1,,800.662528,,
2026-10-01T17:46:02.262,617,g/h,1550.000000,800.000000,1,,800.825809,,
