frame_id,source_video,start_s,end_s,source_frame_indices
1,S1000G1110_test.mkv,0.000000000,1.000000000,0;2;4;6;7;9;11;13;15;17;19;21;22;24;26;28;30;32;34;36;37;39;41;43;45;47;49;51;52;54;56;58
2,S1000G1110_test.mkv,1.000000000,2.000000000,60;62;64;66;67;69;71;73;75;77;79;81;82;84;86;88;90;92;94;96;97;99;101;103;105;107;109;111;112;114;116;118
3,S1000G1110_test.mkv,2.000000000,3.000000000,120;122;124;126;127;129;131;133;135;137;139;141;142;144;146;148;150;152;154;156;157;159;161;163;165;167;169;171;172;174;176;178
122,S1000G1330_test.mkv,0.000000000,1.000000000,0;2;4;6;7;9;11;13;15;17;19;21;22;24;26;28;30;32;34;36;37;39;41;43;45;47;49;51;52;54;56;58
123,S1000G1330_test.mkv,1.000000000,2.000000000,60;62;64;66;67;69;71;73;75;77;79;81;82;84;86;88;90;92;94;96;97;99;101;103;105;107;109;111;112;114;116;118
124,S1000G1330_test.mkv,2.000000000,3.000000000,120;122;124;126;127;129;131;133;135;137;139;141;142;144;146;148;150;152;154;156;157;159;161;163;165;167;169;171;172;174;176;178
249,S1000G1550_test.mkv,0.000000000,1.000000000,0;2;4;6;7;9;11;13;15;17;19;21;22;24;26;28;30;32;34;36;37;39;41;43;45;47;49;51;52;54;56;58
250,S1000G1550_test.mkv,1.000000000,2.000000000,60;62;64;66;67;69;71;73;75;77;79;81;82;84;86;88;90;92;94;96;97;99;101;103;105;107;109;111;112;114;116;118
251,S1000G1550_test.mkv,2.000000000,3.000000000,120;122;124;126;127;129;131;133;135;137;139;141;142;144;146;148;150;152;154;156;157;159;161;163;165;167;169;171;172;174;176;178
374,S800G1110_test.mkv,0.000000000,1.000000000,0;2;4;6;7;9;11;13;15;17;19;21;22;24;26;28;30;32;34;36;37;39;41;43;45;47;49;51;52;54;56;58
375,S800G1110_test.mkv,1.000000000,2.000000000,60;62;64;66;67;69;71;73;75;77;79;81;82;84;86;88;90;92;94;96;97;99;101;103;105;107;109;111;112;114;116;118
376,S800G1110_test.mkv,2.000000000,3.000000000,120;122;124;126;127;129;131;133;135;137;139;141;142;144;146;148;150;152;154;156;157;159;161;163;165;167;169;171;172;174;176;178
494,S800G1330_test.mkv,0.000000000,1.000000000,0;2;4;6;7;9;11;13;15;17;19;21;22;24;26;28;30;32;34;36;37;39;41;43;45;47;49;51;52;54;56;58
495,S800G1330_test.mkv,1.000000000,2.000000000,60;62;64;66;67;69;71;73;75;77;79;81;82;84;86;88;90;92;94;96;97;99;101;103;105;107;109;111;112;114;116;118
496,S800G1330_test.mkv,2.000000000,3.000000000,120;122;124;126;127;129;131;133;135;137;139;141;142;144;146;148;150;152;154;156;157;159;161;163;165;167;169;171;172;174;176;178
615,S800G1550_test.mkv,0.000000000,1.000000000,0;2;4;6;7;9;11;13;15;17;19;21;22;24;26;28;30;32;34;36;37;39;41;43;45;47;49;51;52;54;56;58
616,S800G1550_test.mkv,1.000000000,2.000000000,60;62;64;66;67;69;71;73;75;77;79;81;82;84;86;88;90;92;94;96;97;99;101;103;105;107;109;111;112;114;116;118
617,S800G1550_test.mkv,2.000000000,3.000000000,120;122;124;126;127;129;131;133;135;137;139;141;142;144;146;148;150;152;154;156;157;159;161;163;165;167;169;171;172;174;176;178
